{"cameraMode":{"drawMode":0,"name":"Shaded","section":"Shading Mode"},"sceneLighting":false,"audioPlay":false,"sceneViewState":{"showFog":true,"showMaterialUpdate":false,"showSkybox":false,"showFlares":true,"showImageEffects":true,"showParticleSystems":true},"in2DMode":false,"pivot":{"x":-11.489999771118164,"y":6.090000152587891,"z":4.539999961853027},"rotation":{"x":0.158635675907135,"y":0.0062005044892430309,"z":-0.0009987448574975134,"w":0.9873172044754028},"size":1.9975483417510987,"orthographic":false}