{"cameraMode":{"drawMode":0,"name":"Shaded","section":"Shading Mode"},"sceneLighting":true,"audioPlay":false,"sceneViewState":{"showFog":true,"showMaterialUpdate":false,"showSkybox":true,"showFlares":true,"showImageEffects":true,"showParticleSystems":true},"in2DMode":false,"pivot":{"x":-2.915677547454834,"y":10.176993370056153,"z":23.629493713378908},"rotation":{"x":0.00031139072962105274,"y":-0.011718733236193657,"z":0.0000018795800542648067,"w":0.9999313354492188},"size":74.11100006103516,"orthographic":false}