{"cameraMode":{"drawMode":0,"name":"Shaded","section":"Shading Mode"},"sceneLighting":true,"audioPlay":false,"sceneViewState":{"showFog":true,"showMaterialUpdate":false,"showSkybox":true,"showFlares":true,"showImageEffects":true,"showParticleSystems":true},"in2DMode":false,"pivot":{"x":13.805316925048829,"y":9.802273750305176,"z":5.897367477416992},"rotation":{"x":0.03910605609416962,"y":-0.28496652841567995,"z":0.01163466926664114,"w":0.9576687812805176},"size":76.52643585205078,"orthographic":false}