{"cameraMode":{"drawMode":0,"name":"Shaded","section":"Shading Mode"},"sceneLighting":true,"audioPlay":false,"sceneViewState":{"showFog":true,"showMaterialUpdate":false,"showSkybox":true,"showFlares":true,"showImageEffects":true,"showParticleSystems":true},"in2DMode":false,"pivot":{"x":10.137223243713379,"y":19.91222381591797,"z":5.651467800140381},"rotation":{"x":0.10658521950244904,"y":-0.02059963345527649,"z":0.0022067890968173744,"w":0.9940877556800842},"size":68.2840805053711,"orthographic":false}