{"cameraMode":{"drawMode":0,"name":"Shaded","section":"Shading Mode"},"sceneLighting":false,"audioPlay":false,"sceneViewState":{"showFog":true,"showMaterialUpdate":false,"showSkybox":false,"showFlares":true,"showImageEffects":true,"showParticleSystems":true},"in2DMode":false,"pivot":{"x":-11.175453186035157,"y":6.237553596496582,"z":4.265016555786133},"rotation":{"x":0.05876049026846886,"y":0.024235982447862626,"z":-0.0014296968001872302,"w":0.9979768991470337},"size":3.2773501873016359,"orthographic":false}